Cycle,Step,Capacity(Ah),Energy(Wh),Voltage(V),Current(A)
1,CC_Chg,2.4498108575069537,9.249285890587478,4.2,1.25
1,CC_DChg,2.499806997456075,7.999382391859441,2.5,-2.5
2,CC_Chg,2.449577361020276,9.248404322219411,4.2,1.25
2,CC_DChg,2.4995687357349756,7.9986199543519225,2.5,-2.5
3,CC_Chg,2.449380364100271,9.247660558337758,4.2,1.25
3,CC_DChg,2.499367718469664,7.997976699102925,2.5,-2.5
4,CC_Chg,2.449156586911221,9.246815685277058,4.2,1.25
4,CC_DChg,2.499139374399205,7.997245998077457,2.5,-2.5
5,CC_Chg,2.4489988848456976,9.24622027951947,4.2,1.25
5,CC_DChg,2.498978453924181,7.996731052557379,2.5,-2.5
6,CC_Chg,2.4487962461739268,9.245455215146459,4.2,1.25
6,CC_DChg,2.498771679769313,7.9960693752618015,2.5,-2.5
7,CC_Chg,2.448589622324178,9.244675104693327,4.2,1.25
7,CC_DChg,2.4985608391063043,7.995394685140174,2.5,-2.5
8,CC_Chg,2.4483575388282492,9.243798871086248,4.2,1.25
8,CC_DChg,2.4983240192124994,7.994636861479998,2.5,-2.5
9,CC_Chg,2.4481879645224085,9.243158641564195,4.2,1.25
9,CC_DChg,2.4981509842065392,7.994083149460926,2.5,-2.5
10,CC_Chg,2.4479802364434833,9.24237436208254,4.2,1.25
10,CC_DChg,2.4979390167790645,7.993404853693007,2.5,-2.5
11,CC_Chg,2.4477516449630365,9.241511312615547,4.2,1.25
11,CC_DChg,2.497705760166364,7.992658432532365,2.5,-2.5
12,CC_Chg,2.4475396999555747,9.240711112077172,4.2,1.25
12,CC_DChg,2.4974894897505866,7.9919663672018775,2.5,-2.5
13,CC_Chg,2.4473279617508035,9.239911692324464,4.2,1.25
13,CC_DChg,2.497273430357963,7.991274977145482,2.5,-2.5
14,CC_Chg,2.447125736560347,9.239148189054372,4.2,1.25
14,CC_DChg,2.4970670781228033,7.99061464999297,2.5,-2.5
15,CC_Chg,2.446930413450355,9.238410744659504,4.2,1.25
15,CC_DChg,2.4968677688268928,7.989976860246057,2.5,-2.5
16,CC_Chg,2.4467219289858124,9.237623609436232,4.2,1.25
16,CC_DChg,2.4966550295773597,7.9892960946475515,2.5,-2.5
17,CC_Chg,2.446499228364245,9.236782800967049,4.2,1.25
17,CC_DChg,2.496427784045148,7.988568908944474,2.5,-2.5
18,CC_Chg,2.446270952144443,9.235920941769836,4.2,1.25
18,CC_DChg,2.4961948491269825,7.987823517206344,2.5,-2.5
19,CC_Chg,2.4460937778713525,9.235252018493883,4.2,1.25
19,CC_DChg,2.4960140590524005,7.9872449889676815,2.5,-2.5
20,CC_Chg,2.4458965847018312,9.234507513670179,4.2,1.25
20,CC_DChg,2.495812841532481,7.986601092903939,2.5,-2.5
21,CC_Chg,2.445700294637487,9.233766418529289,4.2,1.25
21,CC_DChg,2.495612545548456,7.98596014575506,2.5,-2.5
22,CC_Chg,2.4455048097577117,9.233028363370954,4.2,1.25
22,CC_DChg,2.4954130711813387,7.985321827780284,2.5,-2.5
23,CC_Chg,2.44532595529249,9.232353096512464,4.2,1.25
23,CC_DChg,2.49523056662499,7.984737813199968,2.5,-2.5
24,CC_Chg,2.4451344377619852,9.23163002012178,4.2,1.25
24,CC_DChg,2.4950351405734543,7.984112449835054,2.5,-2.5
25,CC_Chg,2.444949318761473,9.230931101446378,4.2,1.25
25,CC_DChg,2.4948462436341563,7.983507979629301,2.5,-2.5
26,CC_Chg,2.444773173375736,9.230266062745127,4.2,1.25
26,CC_DChg,2.4946665034446287,7.982932811022812,2.5,-2.5
27,CC_Chg,2.4446145328056597,9.229667113654022,4.2,1.25
27,CC_DChg,2.494504625311898,7.9824148009980735,2.5,-2.5
28,CC_Chg,2.4443833477133294,9.228794271978897,4.2,1.25
28,CC_DChg,2.4942687221564586,7.981659910900667,2.5,-2.5
29,CC_Chg,2.444182911512617,9.228037523057841,4.2,1.25
29,CC_DChg,2.494064195421038,7.9810054253473215,2.5,-2.5
30,CC_Chg,2.4439478005004287,9.227149859032231,4.2,1.25
30,CC_DChg,2.4938242862249274,7.980237715919768,2.5,-2.5
31,CC_Chg,2.4437904228524014,9.22655567811621,4.2,1.25
31,CC_DChg,2.4936636967881647,7.979723829722127,2.5,-2.5
32,CC_Chg,2.443580342156135,9.225762516303774,4.2,1.25
32,CC_DChg,2.4934493287307498,7.9790378519384,2.5,-2.5
33,CC_Chg,2.4433511716448457,9.22489728069993,4.2,1.25
33,CC_DChg,2.493215481270251,7.978289540064804,2.5,-2.5
34,CC_Chg,2.443161211165077,9.224180082970188,4.2,1.25
34,CC_DChg,2.4930216440459967,7.97766926094719,2.5,-2.5
35,CC_Chg,2.4429333370448707,9.223319741904104,4.2,1.25
35,CC_DChg,2.4927891194335414,7.976925182187333,2.5,-2.5
36,CC_Chg,2.442733298439941,9.22256449410998,4.2,1.25
36,CC_DChg,2.4925849984081028,7.976271994905929,2.5,-2.5
37,CC_Chg,2.442542126619273,9.221842722950317,4.2,1.25
37,CC_DChg,2.492389925121707,7.975647760389463,2.5,-2.5
38,CC_Chg,2.4423515065485994,9.221123034928386,4.2,1.25
38,CC_DChg,2.4921954148455097,7.975025327505631,2.5,-2.5
39,CC_Chg,2.442122218982333,9.220257357382279,4.2,1.25
39,CC_DChg,2.491961447941156,7.9742766334117,2.5,-2.5
40,CC_Chg,2.4419569712098914,9.219633462731222,4.2,1.25
40,CC_DChg,2.4917928277651953,7.973737048848625,2.5,-2.5
41,CC_Chg,2.4417845388166883,9.218982442471171,4.2,1.25
41,CC_DChg,2.4916168763435596,7.973174004299391,2.5,-2.5
42,CC_Chg,2.4416124553356013,9.218332739532372,4.2,1.25
42,CC_DChg,2.491441280954695,7.972612099055024,2.5,-2.5
43,CC_Chg,2.4413891075400915,9.217489487651365,4.2,1.25
43,CC_DChg,2.4912133750409096,7.971882800130911,2.5,-2.5
44,CC_Chg,2.4411907233527153,9.2167404861276,4.2,1.25
44,CC_DChg,2.4910109421966484,7.971235015029276,2.5,-2.5
45,CC_Chg,2.440993070687565,9.21599424647346,4.2,1.25
45,CC_DChg,2.490809255803638,7.970589618571641,2.5,-2.5
46,CC_Chg,2.4408139942558593,9.215318141578244,4.2,1.25
46,CC_DChg,2.4906265247508768,7.970004879202806,2.5,-2.5
47,CC_Chg,2.440603746447735,9.214524348833287,4.2,1.25
47,CC_DChg,2.4904119861711584,7.969318355747707,2.5,-2.5
48,CC_Chg,2.440406984187065,9.213781470910348,4.2,1.25
48,CC_DChg,2.490211208354148,7.968675866733275,2.5,-2.5
49,CC_Chg,2.4402346889139683,9.213130968348658,4.2,1.25
49,CC_DChg,2.4900353968509883,7.968113269923163,2.5,-2.5
50,CC_Chg,2.4400358231322876,9.212380148560678,4.2,1.25
50,CC_DChg,2.489832472583967,7.967463912268695,2.5,-2.5
51,CC_Chg,2.4398347243088585,9.211620897900794,4.2,1.25
51,CC_DChg,2.489627269702917,7.9668072630493345,2.5,-2.5
52,CC_Chg,2.43961251730377,9.210781953085663,4.2,1.25
52,CC_DChg,2.48940052786099,7.966081689155168,2.5,-2.5
53,CC_Chg,2.4394097902345258,9.210016554967087,4.2,1.25
53,CC_DChg,2.489193663504618,7.9654197232147785,2.5,-2.5
54,CC_Chg,2.4392344508231387,9.209354559230219,4.2,1.25
54,CC_DChg,2.489014745737897,7.96484718636127,2.5,-2.5
55,CC_Chg,2.439056555691149,9.208682914344134,4.2,1.25
55,CC_DChg,2.4888332200930092,7.96426630429763,2.5,-2.5
56,CC_Chg,2.4388781513075095,9.20800934677325,4.2,1.25
56,CC_DChg,2.4886511748035813,7.9636837593714604,2.5,-2.5
57,CC_Chg,2.438664279597308,9.207201871949021,4.2,1.25
57,CC_DChg,2.4884329383646002,7.962985402766721,2.5,-2.5
58,CC_Chg,2.4384964983592403,9.206568412172643,4.2,1.25
58,CC_DChg,2.488261733019633,7.9624375456628265,2.5,-2.5
59,CC_Chg,2.438265395635763,9.205695881481963,4.2,1.25
59,CC_DChg,2.488025913914044,7.961682924524941,2.5,-2.5
60,CC_Chg,2.438032974270537,9.204818372245906,4.2,1.25
60,CC_DChg,2.48778874925565,7.960923997618081,2.5,-2.5
61,CC_Chg,2.4378104199530024,9.203978116149091,4.2,1.25
61,CC_DChg,2.487561653013268,7.9601972896424575,2.5,-2.5
62,CC_Chg,2.4376216200299874,9.203265300113218,4.2,1.25
62,CC_DChg,2.4873690000305992,7.959580800097918,2.5,-2.5
63,CC_Chg,2.4374392962074047,9.202576934660609,4.2,1.25
63,CC_DChg,2.487182955313678,7.95898545700377,2.5,-2.5
64,CC_Chg,2.4372330053850746,9.201798081555895,4.2,1.25
64,CC_DChg,2.486972454474566,7.958311854318612,2.5,-2.5
65,CC_Chg,2.4370642849157202,9.201161075702208,4.2,1.25
65,CC_DChg,2.4868002907303266,7.957760930337045,2.5,-2.5
66,CC_Chg,2.4368773447727143,9.20045528128474,4.2,1.25
66,CC_DChg,2.4866095354823616,7.957150513543557,2.5,-2.5
67,CC_Chg,2.436718475173304,9.199855467491048,4.2,1.25
67,CC_DChg,2.486447423646229,7.9566317556679325,2.5,-2.5
68,CC_Chg,2.436517474600164,9.199096587776129,4.2,1.25
68,CC_DChg,2.4862423210205753,7.955975427265841,2.5,-2.5
69,CC_Chg,2.436327624706794,9.198379807566468,4.2,1.25
69,CC_DChg,2.486048596639586,7.955355509246676,2.5,-2.5
70,CC_Chg,2.4361080011136393,9.197550616449455,4.2,1.25
70,CC_DChg,2.485824490932285,7.954638370983313,2.5,-2.5
71,CC_Chg,2.4359372003010336,9.196905756238598,4.2,1.25
71,CC_DChg,2.48565020438881,7.954080654044192,2.5,-2.5
72,CC_Chg,2.435730342720729,9.196124763333366,4.2,1.25
72,CC_DChg,2.4854391252252337,7.9534052007207485,2.5,-2.5
73,CC_Chg,2.4355563928237123,9.195468013722179,4.2,1.25
73,CC_DChg,2.4852616253303186,7.95283720105702,2.5,-2.5
74,CC_Chg,2.4353907384232314,9.194842583842814,4.2,1.25
74,CC_DChg,2.4850925902277874,7.95229628872892,2.5,-2.5
75,CC_Chg,2.435200768105541,9.194125348969902,4.2,1.25
75,CC_DChg,2.484898742964838,7.951675977487482,2.5,-2.5
76,CC_Chg,2.4350294333455,9.193478472835052,4.2,1.25
76,CC_DChg,2.4847239115770408,7.951116517046531,2.5,-2.5
77,CC_Chg,2.434843845192389,9.192777782869223,4.2,1.25
77,CC_DChg,2.484534535910601,7.950510514913923,2.5,-2.5
78,CC_Chg,2.434643659847926,9.192021981058495,4.2,1.25
78,CC_DChg,2.4843302651509447,7.949856848483023,2.5,-2.5
79,CC_Chg,2.4344303248247874,9.191216532501748,4.2,1.25
79,CC_DChg,2.4841125763518237,7.949160244325836,2.5,-2.5
80,CC_Chg,2.4342722450378558,9.19061970065313,4.2,1.25
80,CC_DChg,2.483951270446792,7.948644065429734,2.5,-2.5
81,CC_Chg,2.4340935709829914,9.189945114935785,4.2,1.25
81,CC_DChg,2.4837689499826445,7.948060639944463,2.5,-2.5
82,CC_Chg,2.4339162065477797,9.189275473700802,4.2,1.25
82,CC_DChg,2.4835879658650812,7.9474814907682605,2.5,-2.5
83,CC_Chg,2.4337064756472024,9.18848363254556,4.2,1.25
83,CC_DChg,2.4833739547420435,7.9467966551745395,2.5,-2.5
84,CC_Chg,2.4335096669096608,9.18774057914872,4.2,1.25
84,CC_DChg,2.483173129499654,7.946154014398893,2.5,-2.5
85,CC_Chg,2.4333265625668785,9.187049266834133,4.2,1.25
85,CC_DChg,2.4829862883335494,7.945556122667359,2.5,-2.5
86,CC_Chg,2.4331678231078597,9.186449944386819,4.2,1.25
86,CC_DChg,2.4828243092937345,7.945037789739951,2.5,-2.5
87,CC_Chg,2.4330094718528668,9.185852087607762,4.2,1.25
87,CC_DChg,2.482662726380476,7.944520724417524,2.5,-2.5
88,CC_Chg,2.4327879062317117,9.185015564344218,4.2,1.25
88,CC_DChg,2.4824366390119508,7.943797244838243,2.5,-2.5
89,CC_Chg,2.4325705577622885,9.18419496298007,4.2,1.25
89,CC_DChg,2.4822148548594782,7.9430875355503305,2.5,-2.5
90,CC_Chg,2.4323818961227177,9.18348266903475,4.2,1.25
90,CC_DChg,2.482022342982365,7.942471497543568,2.5,-2.5
91,CC_Chg,2.4322031723265285,9.182807895518527,4.2,1.25
91,CC_DChg,2.481839971761764,7.941887909637645,2.5,-2.5
92,CC_Chg,2.4319749023373687,9.181946059845167,4.2,1.25
92,CC_DChg,2.4816070432013966,7.94114253824447,2.5,-2.5
93,CC_Chg,2.4317910199203645,9.181251809903417,4.2,1.25
93,CC_DChg,2.4814194080820045,7.940542105862415,2.5,-2.5
94,CC_Chg,2.431619560348019,9.18060446253844,4.2,1.25
94,CC_DChg,2.481244449334713,7.9399822378710825,2.5,-2.5
95,CC_Chg,2.431461429515533,9.18000743796681,4.2,1.25
95,CC_DChg,2.4810830913423807,7.939465892295619,2.5,-2.5
96,CC_Chg,2.431287781032795,9.17935182634831,4.2,1.25
96,CC_DChg,2.4809058990130564,7.9388988768417805,2.5,-2.5
97,CC_Chg,2.431122053984481,9.178726122186307,4.2,1.25
97,CC_DChg,2.480736789780083,7.938357727296266,2.5,-2.5
98,CC_Chg,2.4309311702775,9.178005438802806,4.2,1.25
98,CC_DChg,2.4805420104872447,7.937734433559183,2.5,-2.5
99,CC_Chg,2.4307371607587642,9.177272953885131,4.2,1.25
99,CC_DChg,2.480344041590576,7.937100933089844,2.5,-2.5
100,CC_Chg,2.4305134506168122,9.176428333961434,4.2,1.25
100,CC_DChg,2.4801157659355226,7.936370450993673,2.5,-2.5
101,CC_Chg,2.430282535662593,9.175556512195504,4.2,1.25
101,CC_DChg,2.4798801384312172,7.935616442979896,2.5,-2.5
102,CC_Chg,2.4300842748721454,9.1748079765581,4.2,1.25
102,CC_DChg,2.479677831502189,7.934969060807005,2.5,-2.5
103,CC_Chg,2.4298777956171658,9.174028412023993,4.2,1.25
103,CC_DChg,2.479467138384863,7.934294842831562,2.5,-2.5
104,CC_Chg,2.429683981708931,9.17329666563576,4.2,1.25
104,CC_DChg,2.479269369090746,7.9336619810903874,2.5,-2.5
105,CC_Chg,2.429509056782351,9.17263623479051,4.2,1.25
105,CC_DChg,2.479090874267705,7.933090797656657,2.5,-2.5
106,CC_Chg,2.4293445618885436,9.17201518264042,4.2,1.25
106,CC_DChg,2.4789230223352487,7.932553671472796,2.5,-2.5
107,CC_Chg,2.4291474673260116,9.17127105010841,4.2,1.25
107,CC_DChg,2.4787219054347056,7.931910097391058,2.5,-2.5
108,CC_Chg,2.4289467318315383,9.170513171200707,4.2,1.25
108,CC_DChg,2.478517073297488,7.931254634551962,2.5,-2.5
109,CC_Chg,2.428781396201233,9.169888944841391,4.2,1.25
109,CC_DChg,2.478348363470646,7.930714763106067,2.5,-2.5
110,CC_Chg,2.428551939860602,9.169022630085948,4.2,1.25
110,CC_DChg,2.478114224347553,7.92996551791217,2.5,-2.5
111,CC_Chg,2.4283330573441897,9.168196236911736,4.2,1.25
111,CC_DChg,2.47789087484101,7.929250799491232,2.5,-2.5
112,CC_Chg,2.428134969053235,9.167448352547929,4.2,1.25
112,CC_DChg,2.4776887439318727,7.928603980581993,2.5,-2.5
113,CC_Chg,2.4279667936318554,9.166813404528435,4.2,1.25
113,CC_DChg,2.4775171363590363,7.928054836348917,2.5,-2.5
114,CC_Chg,2.427746334770392,9.165981059847399,4.2,1.25
114,CC_DChg,2.4772921783371347,7.927334970678832,2.5,-2.5
115,CC_Chg,2.4275704064976447,9.165316840858456,4.2,1.25
115,CC_DChg,2.4771126596914743,7.926760511012718,2.5,-2.5
116,CC_Chg,2.427363283193799,9.164534844711282,4.2,1.25
116,CC_DChg,2.4769013093814274,7.926084190020568,2.5,-2.5
117,CC_Chg,2.4271457469216844,9.163713534296157,4.2,1.25
117,CC_DChg,2.4766793335935557,7.9253738674993786,2.5,-2.5
118,CC_Chg,2.4269718440397963,9.163056962191067,4.2,1.25
118,CC_DChg,2.4765018816732614,7.924806021354437,2.5,-2.5
119,CC_Chg,2.4268048200570975,9.162426361440062,4.2,1.25
119,CC_DChg,2.4763314490378545,7.924260636921135,2.5,-2.5
120,CC_Chg,2.426614820910968,9.161709017725084,4.2,1.25
120,CC_DChg,2.4761375723581307,7.923640231546019,2.5,-2.5
121,CC_Chg,2.426386856445145,9.160848335558201,4.2,1.25
121,CC_DChg,2.4759049555562704,7.922895857780066,2.5,-2.5
122,CC_Chg,2.426191947867865,9.160112456235817,4.2,1.25
122,CC_DChg,2.4757060692529236,7.922259421609356,2.5,-2.5
123,CC_Chg,2.425963283038262,9.159249129838337,4.2,1.25
123,CC_DChg,2.475472737794145,7.921512760941264,2.5,-2.5
124,CC_Chg,2.4257976311712643,9.158623709524162,4.2,1.25
124,CC_DChg,2.4753037052768003,7.920971856885761,2.5,-2.5
125,CC_Chg,2.4256065451154054,9.157902262170408,4.2,1.25
125,CC_DChg,2.4751087195055157,7.92034790241765,2.5,-2.5
126,CC_Chg,2.4254406814971596,9.157276042387235,4.2,1.25
126,CC_DChg,2.474939470915469,7.919806306929501,2.5,-2.5
127,CC_Chg,2.425272545581631,9.156641243522486,4.2,1.25
127,CC_DChg,2.4747679036547257,7.919257291695122,2.5,-2.5
128,CC_Chg,2.4250387330611893,9.155758481965716,4.2,1.25
128,CC_DChg,2.4745293194501934,7.918493822240619,2.5,-2.5
129,CC_Chg,2.4248127688728296,9.154905351866805,4.2,1.25
129,CC_DChg,2.4742987437477852,7.917755979992913,2.5,-2.5
130,CC_Chg,2.424591146348593,9.154068613765098,4.2,1.25
130,CC_DChg,2.474072598314891,7.917032314607652,2.5,-2.5
131,CC_Chg,2.4243847356006554,9.153289307880026,4.2,1.25
131,CC_DChg,2.4738619751027096,7.916358320328671,2.5,-2.5
132,CC_Chg,2.4241539821064677,9.152418095708093,4.2,1.25
132,CC_DChg,2.4736265123535386,7.915604839531324,2.5,-2.5
133,CC_Chg,2.423920047797232,9.15153487433649,4.2,1.25
133,CC_DChg,2.4733878038747266,7.9148409723991255,2.5,-2.5
134,CC_Chg,2.4236970532441173,9.15069295612575,4.2,1.25
134,CC_DChg,2.473160258412365,7.914112826919568,2.5,-2.5
135,CC_Chg,2.4234770013648106,9.14986214801,4.2,1.25
135,CC_DChg,2.472935715678378,7.91339429017081,2.5,-2.5
136,CC_Chg,2.4232739858149457,9.149095660729897,4.2,1.25
136,CC_DChg,2.472728556954026,7.9127313822528835,2.5,-2.5
137,CC_Chg,2.4230752079649145,9.14834517292876,4.2,1.25
137,CC_DChg,2.4725257224131783,7.912082311722171,2.5,-2.5
138,CC_Chg,2.422911649150553,9.147727654956169,4.2,1.25
138,CC_DChg,2.4723588256638296,7.911548242124255,2.5,-2.5
139,CC_Chg,2.4227144917557637,9.146983285200333,4.2,1.25
139,CC_DChg,2.4721576446487386,7.910904462875964,2.5,-2.5
140,CC_Chg,2.422516186466239,9.14623458155621,4.2,1.25
140,CC_DChg,2.471955292312489,7.910256935399964,2.5,-2.5
141,CC_Chg,2.4223010377272187,9.145422285296643,4.2,1.25
141,CC_DChg,2.4717357527828763,7.909554408905205,2.5,-2.5
142,CC_Chg,2.4221431647256213,9.144826234168162,4.2,1.25
142,CC_DChg,2.471574657883287,7.909038905226518,2.5,-2.5
143,CC_Chg,2.421944170229726,9.144074928418355,4.2,1.25
143,CC_DChg,2.471371602275231,7.908389127280739,2.5,-2.5
144,CC_Chg,2.4217854362521356,9.143475626666227,4.2,1.25
144,CC_DChg,2.47120962882871,7.907870812251872,2.5,-2.5
145,CC_Chg,2.421618655010834,9.142845942387844,4.2,1.25
145,CC_DChg,2.471039443888606,7.90732622044354,2.5,-2.5
146,CC_Chg,2.4214044267410957,9.142037121369443,4.2,1.25
146,CC_DChg,2.470820843613363,7.906626699562762,2.5,-2.5
147,CC_Chg,2.421170973399191,9.141155715894905,4.2,1.25
147,CC_DChg,2.470582625917542,7.905864402936135,2.5,-2.5
148,CC_Chg,2.420994385118943,9.140489005040907,4.2,1.25
148,CC_DChg,2.4704024337948396,7.905287788143487,2.5,-2.5
149,CC_Chg,2.420817047431098,9.139819464790882,4.2,1.25
149,CC_DChg,2.4702214769705084,7.9047087263056275,2.5,-2.5
150,CC_Chg,2.4205971873062277,9.138989380645963,4.2,1.25
150,CC_DChg,2.469997129904314,7.903990815693806,2.5,-2.5
151,CC_Chg,2.420372561151612,9.138141302307107,4.2,1.25
151,CC_DChg,2.469767919542461,7.903257342535875,2.5,-2.5
152,CC_Chg,2.4201670709944727,9.137365472121989,4.2,1.25
152,CC_DChg,2.4695582357086456,7.902586354267666,2.5,-2.5
153,CC_Chg,2.4199940209091237,9.136712119758938,4.2,1.25
153,CC_DChg,2.469381653988902,7.902021292764487,2.5,-2.5
154,CC_Chg,2.4197717918342336,9.135873091619047,4.2,1.25
154,CC_DChg,2.469154889626769,7.901295646805662,2.5,-2.5
155,CC_Chg,2.419609045889311,9.135258642643318,4.2,1.25
155,CC_DChg,2.4689888223360317,7.900764231475302,2.5,-2.5
156,CC_Chg,2.41943607933944,9.134605605669316,4.2,1.25
156,CC_DChg,2.4688123258565717,7.90019944274103,2.5,-2.5
157,CC_Chg,2.4192247985323894,9.13380791282637,4.2,1.25
157,CC_DChg,2.468596733196316,7.899509546228211,2.5,-2.5
158,CC_Chg,2.4190274354532932,9.133062766507331,4.2,1.25
158,CC_DChg,2.468395342299279,7.898865095357692,2.5,-2.5
159,CC_Chg,2.418816608744935,9.132266788118633,4.2,1.25
159,CC_DChg,2.4681802130050357,7.898176681616114,2.5,-2.5
160,CC_Chg,2.418627305186748,9.13155207060303,4.2,1.25
160,CC_DChg,2.467987046108927,7.897558547548567,2.5,-2.5
161,CC_Chg,2.418455879843955,9.130904852472074,4.2,1.25
161,CC_DChg,2.4678121222897498,7.896998791327199,2.5,-2.5
162,CC_Chg,2.4182768986572873,9.130229107175474,4.2,1.25
162,CC_DChg,2.4676294884258034,7.896414362962571,2.5,-2.5
163,CC_Chg,2.4181071984642175,9.129588402364902,4.2,1.25
163,CC_DChg,2.467456324963487,7.895860239883159,2.5,-2.5
164,CC_Chg,2.417937839251442,9.128948984928915,4.2,1.25
164,CC_DChg,2.467283509440247,7.8953072302087905,2.5,-2.5
165,CC_Chg,2.417726338405033,9.128150461325125,4.2,1.25
165,CC_DChg,2.467067692250034,7.894616615200109,2.5,-2.5
166,CC_Chg,2.4175633011857576,9.127534912640105,4.2,1.25
166,CC_DChg,2.466901327740569,7.894084248769821,2.5,-2.5
167,CC_Chg,2.4173888036659754,9.12687609547358,4.2,1.25
167,CC_DChg,2.4667232690469136,7.893514460950124,2.5,-2.5
168,CC_Chg,2.4172014578252896,9.12616876934038,4.2,1.25
168,CC_DChg,2.466532099821724,7.892902719429518,2.5,-2.5
169,CC_Chg,2.4169932048980556,9.125382508288578,4.2,1.25
169,CC_DChg,2.4663195968347504,7.892222709871202,2.5,-2.5
170,CC_Chg,2.416829537749128,9.124764581297727,4.2,1.25
170,CC_DChg,2.4661525895399263,7.891688286527764,2.5,-2.5
171,CC_Chg,2.4166088484048553,9.123931366426495,4.2,1.25
171,CC_DChg,2.465927396331485,7.890967668260753,2.5,-2.5
172,CC_Chg,2.41639904849674,9.123139264732592,4.2,1.25
172,CC_DChg,2.465713314792592,7.890282607336295,2.5,-2.5
173,CC_Chg,2.416177909210118,9.122304351099427,4.2,1.25
173,CC_DChg,2.4654876624593043,7.889560519869774,2.5,-2.5
174,CC_Chg,2.4159861493671286,9.121580359855486,4.2,1.25
174,CC_DChg,2.4652919891501313,7.88893436528042,2.5,-2.5
175,CC_Chg,2.415808461557315,9.120909497716394,4.2,1.25
175,CC_DChg,2.465110675058485,7.888354160187152,2.5,-2.5
176,CC_Chg,2.415600431747419,9.120124079046379,4.2,1.25
176,CC_DChg,2.4648983997422644,7.887674879175247,2.5,-2.5
177,CC_Chg,2.4154089443789153,9.11940111653264,4.2,1.25
177,CC_DChg,2.464703004468281,7.887049614298499,2.5,-2.5
178,CC_Chg,2.41518929444737,9.118571825974765,4.2,1.25
178,CC_DChg,2.4644788718850714,7.886332390032229,2.5,-2.5
179,CC_Chg,2.415028001948568,9.117962864499695,4.2,1.25
179,CC_DChg,2.4643142877026203,7.885805720648385,2.5,-2.5
180,CC_Chg,2.4148486448667446,9.117285700007097,4.2,1.25
180,CC_DChg,2.4641312702721883,7.885220064871003,2.5,-2.5
181,CC_Chg,2.4146469608099506,9.116524239792671,4.2,1.25
181,CC_DChg,2.4639254702142352,7.8845615046855535,2.5,-2.5
182,CC_Chg,2.4144559596714807,9.115803113045386,4.2,1.25
182,CC_DChg,2.4637305710933477,7.883937827498713,2.5,-2.5
183,CC_Chg,2.414244461872292,9.11500460094641,4.2,1.25
183,CC_DChg,2.463514757012543,7.883247222440137,2.5,-2.5
184,CC_Chg,2.414071014065417,9.114349746981677,4.2,1.25
184,CC_DChg,2.4633377694545073,7.882680862254424,2.5,-2.5
185,CC_Chg,2.413843557863048,9.113490983768651,4.2,1.25
185,CC_DChg,2.4631056712888246,7.881938148124239,2.5,-2.5
186,CC_Chg,2.4136755019500096,9.112856486954119,4.2,1.25
186,CC_DChg,2.462934185663275,7.881389394122481,2.5,-2.5
187,CC_Chg,2.413509149529728,9.112228421693873,4.2,1.25
187,CC_DChg,2.462764438295641,7.880846202546052,2.5,-2.5
188,CC_Chg,2.4133226834655592,9.111524417165889,4.2,1.25
188,CC_DChg,2.4625741668015912,7.880237333765092,2.5,-2.5
189,CC_Chg,2.413137635766157,9.110825767688553,4.2,1.25
189,CC_DChg,2.4623853426185276,7.879633096379289,2.5,-2.5
190,CC_Chg,2.4129383678181946,9.110073429517673,4.2,1.25
190,CC_DChg,2.4621820079777494,7.878982425528799,2.5,-2.5
191,CC_Chg,2.4127090121478343,9.109207494843863,4.2,1.25
191,CC_DChg,2.4619479715794226,7.878233509054152,2.5,-2.5
192,CC_Chg,2.4124766952463874,9.108330380011871,4.2,1.25
192,CC_DChg,2.461710913516722,7.87747492325351,2.5,-2.5
193,CC_Chg,2.4122640595453984,9.107527571753035,4.2,1.25
193,CC_DChg,2.461493938311631,7.876780602597219,2.5,-2.5
194,CC_Chg,2.4120876728256175,9.106861621892639,4.2,1.25
194,CC_DChg,2.4613139518628753,7.876204645961201,2.5,-2.5
195,CC_Chg,2.411910357060643,9.106192164412633,4.2,1.25
195,CC_DChg,2.4611330174088195,7.875625655708223,2.5,-2.5
196,CC_Chg,2.411688942833298,9.105356212737963,4.2,1.25
196,CC_DChg,2.4609070845237735,7.874902670476075,2.5,-2.5
197,CC_Chg,2.4114826931659366,9.10457751501425,4.2,1.25
197,CC_DChg,2.4606966256795273,7.8742292021744875,2.5,-2.5
198,CC_Chg,2.411269215937814,9.103771529561136,4.2,1.25
198,CC_DChg,2.46047879177328,7.873532133674496,2.5,-2.5
199,CC_Chg,2.411090150479572,9.103095466096343,4.2,1.25
199,CC_DChg,2.4602960719179308,7.872947430137379,2.5,-2.5
200,CC_Chg,2.4109333151654204,9.102503332767405,4.2,1.25
200,CC_DChg,2.460136035883082,7.8724353148258635,2.5,-2.5
201,CC_Chg,2.4107429921641463,9.101784766334022,4.2,1.25
201,CC_DChg,2.4599418287389248,7.87181385196456,2.5,-2.5
202,CC_Chg,2.4105163051261593,9.100928907108969,4.2,1.25
202,CC_DChg,2.4597105154348564,7.8710736493915405,2.5,-2.5
203,CC_Chg,2.4102978721099104,9.100104211027213,4.2,1.25
203,CC_DChg,2.4594876246019495,7.8703603987262385,2.5,-2.5
204,CC_Chg,2.410103490901993,9.09937032279324,4.2,1.25
204,CC_DChg,2.459289276430605,7.869725684577936,2.5,-2.5
205,CC_Chg,2.4098887283671178,9.098559484651362,4.2,1.25
205,CC_DChg,2.459070130986855,7.8690244191579355,2.5,-2.5
206,CC_Chg,2.4097089168380474,9.097880604388546,4.2,1.25
206,CC_DChg,2.458886649834742,7.868437279471175,2.5,-2.5
207,CC_Chg,2.409489752468925,9.097053147076554,4.2,1.25
207,CC_DChg,2.458663012723393,7.8677216407148585,2.5,-2.5
208,CC_Chg,2.409266158498068,9.096208965758013,4.2,1.25
208,CC_DChg,2.4584348556102738,7.8669915379528765,2.5,-2.5
209,CC_Chg,2.4091089247267967,9.095615328050153,4.2,1.25
209,CC_DChg,2.4582744129865275,7.866478121556888,2.5,-2.5
210,CC_Chg,2.4088776736923103,9.094742237409744,4.2,1.25
210,CC_DChg,2.458038442543174,7.865723016138157,2.5,-2.5
211,CC_Chg,2.4086579179433816,9.093912547337258,4.2,1.25
211,CC_DChg,2.4578142019830427,7.865005446345737,2.5,-2.5
212,CC_Chg,2.408441823009895,9.093096678710829,4.2,1.25
212,CC_DChg,2.4575936969488725,7.8642998302363925,2.5,-2.5
213,CC_Chg,2.4082484833531286,9.092366722863853,4.2,1.25
213,CC_DChg,2.457396411584825,7.86366851707144,2.5,-2.5
214,CC_Chg,2.4080232077487853,9.091516192520924,4.2,1.25
214,CC_DChg,2.4571665385191688,7.86293292326134,2.5,-2.5
215,CC_Chg,2.4078190141585676,9.09074525753745,4.2,1.25
215,CC_DChg,2.456958177712824,7.862266168681038,2.5,-2.5
216,CC_Chg,2.407595724916817,9.089902226726759,4.2,1.25
216,CC_DChg,2.4567303315477726,7.861537060952873,2.5,-2.5
217,CC_Chg,2.4074324507321743,9.089285783376576,4.2,1.25
217,CC_DChg,2.4565637252369124,7.86100392075812,2.5,-2.5
218,CC_Chg,2.407264032914999,9.088649920189281,4.2,1.25
218,CC_DChg,2.4563918703214274,7.860453985028568,2.5,-2.5
219,CC_Chg,2.407096209549611,9.088016301360778,4.2,1.25
219,CC_DChg,2.456220621989399,7.8599059903660775,2.5,-2.5
220,CC_Chg,2.406922358167228,9.087359923692597,4.2,1.25
220,CC_DChg,2.4560432226196207,7.8593383123827865,2.5,-2.5
221,CC_Chg,2.4067298841168636,9.086633235951425,4.2,1.25
221,CC_DChg,2.455846820527412,7.858709825687718,2.5,-2.5
222,CC_Chg,2.4065217407836164,9.085847388672839,4.2,1.25
222,CC_DChg,2.4556344293710373,7.85803017398732,2.5,-2.5
223,CC_Chg,2.40631763958061,9.085076802498222,4.2,1.25
223,CC_DChg,2.455426162837357,7.857363721079543,2.5,-2.5
224,CC_Chg,2.4061275086770118,9.084358961331576,4.2,1.25
224,CC_DChg,2.4552321517112365,7.856742885475957,2.5,-2.5
225,CC_Chg,2.4059637284133895,9.083740607275043,4.2,1.25
225,CC_DChg,2.4550650289932547,7.856208092778416,2.5,-2.5
226,CC_Chg,2.4057515623889882,9.082939572284955,4.2,1.25
226,CC_DChg,2.454848533049988,7.855515305759962,2.5,-2.5
227,CC_Chg,2.405562990822622,9.08222761841194,4.2,1.25
227,CC_DChg,2.454656113084308,7.854899561869786,2.5,-2.5
228,CC_Chg,2.4053940646209706,9.081589835813869,4.2,1.25
228,CC_DChg,2.4544837394091537,7.854347966109292,2.5,-2.5
229,CC_Chg,2.405182044385499,9.080789351251376,4.2,1.25
229,CC_DChg,2.4542673922301015,7.8536556551363255,2.5,-2.5
230,CC_Chg,2.40501493134167,9.080158414249162,4.2,1.25
230,CC_DChg,2.4540968687159896,7.853109979891167,2.5,-2.5
231,CC_Chg,2.4047925256840275,9.07931871941929,4.2,1.25
231,CC_DChg,2.453869924167375,7.852383757335601,2.5,-2.5
232,CC_Chg,2.4046159314196274,9.078651985972064,4.2,1.25
232,CC_DChg,2.4536897259383954,7.851807123002866,2.5,-2.5
233,CC_Chg,2.40440555045681,9.0778576905002,4.2,1.25
233,CC_DChg,2.453475051486541,7.8511201647569315,2.5,-2.5
234,CC_Chg,2.4042399951228903,9.077232634647649,4.2,1.25
234,CC_DChg,2.453306117472337,7.850579575911479,2.5,-2.5
235,CC_Chg,2.404073004781498,9.076602160909738,4.2,1.25
235,CC_DChg,2.453135719164794,7.850034301327341,2.5,-2.5
236,CC_Chg,2.403881503246002,9.075879144908376,4.2,1.25
236,CC_DChg,2.452940309434696,7.849408990191027,2.5,-2.5
237,CC_Chg,2.403692307025154,9.07516483264599,4.2,1.25
237,CC_DChg,2.4527472520664837,7.8487912066127485,2.5,-2.5
238,CC_Chg,2.4034817049547836,9.074369702380306,4.2,1.25
238,CC_DChg,2.452532351994677,7.8481035263829675,2.5,-2.5
239,CC_Chg,2.4033007455154944,9.073686488170745,4.2,1.25
239,CC_DChg,2.452347699505607,7.8475126384179426,2.5,-2.5
240,CC_Chg,2.403073419149887,9.072828215157736,4.2,1.25
240,CC_DChg,2.4521157338264152,7.8467703482445295,2.5,-2.5
241,CC_Chg,2.402881348616211,9.072103050897939,4.2,1.25
241,CC_DChg,2.4519197434859294,7.846143179154975,2.5,-2.5
242,CC_Chg,2.402696720427803,9.071405985288644,4.2,1.25
242,CC_DChg,2.451731347375309,7.845540311600989,2.5,-2.5
243,CC_Chg,2.4025001635214402,9.07066388268299,4.2,1.25
243,CC_DChg,2.4515307791035106,7.844898493131234,2.5,-2.5
244,CC_Chg,2.402326942605145,9.070009885345955,4.2,1.25
244,CC_DChg,2.4513540230664743,7.844332873812718,2.5,-2.5
245,CC_Chg,2.40215630424155,9.069365638462994,4.2,1.25
245,CC_DChg,2.4511799022872958,7.843775687319347,2.5,-2.5
246,CC_Chg,2.401998822478856,9.068771064460988,4.2,1.25
246,CC_DChg,2.4510192066110776,7.843261461155449,2.5,-2.5
247,CC_Chg,2.4017821639226398,9.067953067871192,4.2,1.25
247,CC_DChg,2.4507981264516734,7.842554004645355,2.5,-2.5
248,CC_Chg,2.401615732805649,9.067324705490716,4.2,1.25
248,CC_DChg,2.4506282987812744,7.842010556100078,2.5,-2.5
249,CC_Chg,2.4014086234271197,9.066542761918718,4.2,1.25
249,CC_DChg,2.4504169626807344,7.841334280578351,2.5,-2.5
250,CC_Chg,2.4011940664591602,9.06573269989683,4.2,1.25
250,CC_DChg,2.4501980269991432,7.8406336863972586,2.5,-2.5
251,CC_Chg,2.4009961849921218,9.064985596398827,4.2,1.25
251,CC_DChg,2.449996107134818,7.839987542831418,2.5,-2.5
252,CC_Chg,2.400784288642368,9.064185579568125,4.2,1.25
252,CC_DChg,2.4497798863697633,7.839295636383243,2.5,-2.5
253,CC_Chg,2.4005809485016134,9.063417866791806,4.2,1.25
253,CC_DChg,2.449572396430218,7.8386316685766975,2.5,-2.5
254,CC_Chg,2.40035769476704,9.062574970038824,4.2,1.25
254,CC_DChg,2.4493445864969794,7.837902676790335,2.5,-2.5
255,CC_Chg,2.400173872336039,9.061880946574842,4.2,1.25
255,CC_DChg,2.449157012587795,7.8373024402809435,2.5,-2.5
256,CC_Chg,2.3999931603860523,9.061198666763667,4.2,1.25
256,CC_DChg,2.448972612638829,7.836712360444253,2.5,-2.5
257,CC_Chg,2.399799104860496,9.06046600814677,4.2,1.25
257,CC_DChg,2.4487745967964245,7.836078709748559,2.5,-2.5
258,CC_Chg,2.399602528551468,9.059723832286156,4.2,1.25
258,CC_DChg,2.448574008725988,7.8354368279231625,2.5,-2.5
259,CC_Chg,2.3994026359652425,9.058969135787141,4.2,1.25
259,CC_DChg,2.448370036699227,7.834784117437526,2.5,-2.5
260,CC_Chg,2.399238795370496,9.058350553949833,4.2,1.25
260,CC_DChg,2.4482028524188735,7.834249127740396,2.5,-2.5
261,CC_Chg,2.399055058906885,9.057656855056607,4.2,1.25
261,CC_DChg,2.448015366231515,7.8336491719408485,2.5,-2.5
262,CC_Chg,2.3988583462414543,9.056914164381,4.2,1.25
262,CC_DChg,2.447814639021892,7.833006844870055,2.5,-2.5
263,CC_Chg,2.398696805566848,9.056304265915651,4.2,1.25
263,CC_DChg,2.4476498015988244,7.832479365116239,2.5,-2.5
264,CC_Chg,2.398495693435596,9.055544965011945,4.2,1.25
264,CC_DChg,2.4474445851383635,7.8318226724427635,2.5,-2.5
265,CC_Chg,2.3982844272582233,9.054747327403497,4.2,1.25
265,CC_DChg,2.4472290074063503,7.8311328237003215,2.5,-2.5
266,CC_Chg,2.3980825455015777,9.053985120771264,4.2,1.25
266,CC_DChg,2.447023005613855,7.830473617964336,2.5,-2.5
267,CC_Chg,2.3979214453072317,9.053376885343631,4.2,1.25
267,CC_DChg,2.4468586176604408,7.829947576513411,2.5,-2.5
268,CC_Chg,2.397687831330278,9.052494873389826,4.2,1.25
268,CC_DChg,2.446620236051304,7.829184755364174,2.5,-2.5
269,CC_Chg,2.397476321792462,9.051696316971542,4.2,1.25
269,CC_DChg,2.4464044099923083,7.828494111975387,2.5,-2.5
270,CC_Chg,2.39729924630595,9.051027766665323,4.2,1.25
270,CC_DChg,2.4462237207203574,7.827915906305144,2.5,-2.5
271,CC_Chg,2.3970672428094772,9.050151835097006,4.2,1.25
271,CC_DChg,2.4459869824586504,7.827158343867682,2.5,-2.5
272,CC_Chg,2.3968885149748593,9.049477046333653,4.2,1.25
272,CC_DChg,2.4458046071172035,7.826574742775051,2.5,-2.5
273,CC_Chg,2.3967191751868073,9.048837702235906,4.2,1.25
273,CC_DChg,2.4456318114151094,7.826021796528351,2.5,-2.5
274,CC_Chg,2.3965073727536246,9.048038039988175,4.2,1.25
274,CC_DChg,2.4454156864832903,7.825330196746529,2.5,-2.5
275,CC_Chg,2.39629206033337,9.047225125748438,4.2,1.25
275,CC_DChg,2.44519597993201,7.824627135782433,2.5,-2.5
276,CC_Chg,2.396075231974288,9.04640648806619,4.2,1.25
276,CC_DChg,2.4449747265043755,7.823919124814002,2.5,-2.5
277,CC_Chg,2.3959012995583264,9.045749804454907,4.2,1.25
277,CC_DChg,2.444797244447272,7.823351182231271,2.5,-2.5
278,CC_Chg,2.3957085329365513,9.045022012107388,4.2,1.25
278,CC_DChg,2.4446005438128076,7.8227217402009845,2.5,-2.5
279,CC_Chg,2.395473911377267,9.044136196016213,4.2,1.25
279,CC_DChg,2.4443611340584357,7.821955628986995,2.5,-2.5
280,CC_Chg,2.395297372311761,9.043469670972977,4.2,1.25
280,CC_DChg,2.4441809921548585,7.821379174895547,2.5,-2.5
281,CC_Chg,2.3951054584238225,9.042745098130759,4.2,1.25
281,CC_DChg,2.4439851616569617,7.820752517302278,2.5,-2.5
282,CC_Chg,2.394878696111293,9.041888954705902,4.2,1.25
282,CC_DChg,2.4437537715421356,7.820012068934834,2.5,-2.5
283,CC_Chg,2.3947191741957714,9.041286678086076,4.2,1.25
283,CC_DChg,2.4435909940773177,7.819491181047417,2.5,-2.5
284,CC_Chg,2.3945268502200574,9.04056055695328,4.2,1.25
284,CC_DChg,2.4433947451225078,7.8188631843920255,2.5,-2.5
285,CC_Chg,2.3943595919399643,9.03992907161007,4.2,1.25
285,CC_DChg,2.443224073408127,7.8183170349060065,2.5,-2.5
286,CC_Chg,2.3941997468116174,9.039325574696925,4.2,1.25
286,CC_DChg,2.4430609661343037,7.8177950916297725,2.5,-2.5
287,CC_Chg,2.393966379096553,9.038444492507395,4.2,1.25
287,CC_DChg,2.4428228358128092,7.81703307460099,2.5,-2.5
288,CC_Chg,2.3937827774189198,9.037751302500004,4.2,1.25
288,CC_DChg,2.442635487162163,7.816433558918923,2.5,-2.5
289,CC_Chg,2.3935845526100423,9.037002902711384,4.2,1.25
289,CC_DChg,2.4424332169490226,7.815786294236872,2.5,-2.5
290,CC_Chg,2.393418555540265,9.036376179080593,4.2,1.25
290,CC_DChg,2.442263832183944,7.815244262988621,2.5,-2.5
291,CC_Chg,2.3932586232815405,9.035772353205816,4.2,1.25
291,CC_DChg,2.442100636001572,7.81472203520503,2.5,-2.5
292,CC_Chg,2.3930785982811535,9.035092666979866,4.2,1.25
292,CC_DChg,2.441916937021585,7.814134198469073,2.5,-2.5
293,CC_Chg,2.3929087072785804,9.03445124176607,4.2,1.25
293,CC_DChg,2.4417435788556943,7.813579452338222,2.5,-2.5
294,CC_Chg,2.3927163939671945,9.033725160896552,4.2,1.25
294,CC_DChg,2.4415473407828516,7.812951490505125,2.5,-2.5
295,CC_Chg,2.392515425921833,9.032966403990594,4.2,1.25
295,CC_DChg,2.441342271348809,7.812295268316189,2.5,-2.5
296,CC_Chg,2.3923330701074454,9.032277917752602,4.2,1.25
296,CC_DChg,2.4411561939871893,7.8116998207590065,2.5,-2.5
297,CC_Chg,2.3920986402807185,9.031392825549652,4.2,1.25
297,CC_DChg,2.4409169798782844,7.8109343356105105,2.5,-2.5
298,CC_Chg,2.3919101618583434,9.030681223342727,4.2,1.25
298,CC_DChg,2.4407246549574935,7.810318895863979,2.5,-2.5
299,CC_Chg,2.391701603566626,9.0298938093842,4.2,1.25
299,CC_DChg,2.440511840374108,7.809637889197146,2.5,-2.5
300,CC_Chg,2.391506367566102,9.029156693872018,4.2,1.25
300,CC_DChg,2.44031261996541,7.8090003838893125,2.5,-2.5
301,CC_Chg,2.391300240900529,9.028378460542815,4.2,1.25
301,CC_DChg,2.440102286633193,7.808327317226219,2.5,-2.5
302,CC_Chg,2.391141749441977,9.027780074423791,4.2,1.25
302,CC_DChg,2.439940560655079,7.8078097940962525,2.5,-2.5
303,CC_Chg,2.390916819537388,9.026930849273812,4.2,1.25
303,CC_DChg,2.4397110403442737,7.807075329101676,2.5,-2.5
304,CC_Chg,2.390750748773148,9.026303847408824,4.2,1.25
304,CC_DChg,2.439541580380763,7.806533057218442,2.5,-2.5
305,CC_Chg,2.390570402552374,9.025622948412025,4.2,1.25
305,CC_DChg,2.4393575536248715,7.805944171599589,2.5,-2.5
306,CC_Chg,2.3903711647620853,9.024870724101751,4.2,1.25
306,CC_DChg,2.43915424975723,7.805293599223136,2.5,-2.5
307,CC_Chg,2.390202455126763,9.024233759152064,4.2,1.25
307,CC_DChg,2.4389820970681253,7.804742710618001,2.5,-2.5
308,CC_Chg,2.390025088678001,9.023564110314902,4.2,1.25
308,CC_DChg,2.4388011108959193,7.804163554866943,2.5,-2.5
309,CC_Chg,2.389791709037869,9.02268298310216,4.2,1.25
309,CC_DChg,2.438562968405989,7.803401498899165,2.5,-2.5
310,CC_Chg,2.3895652445020934,9.021827963936476,4.2,1.25
310,CC_DChg,2.4383318821449933,7.802662022863979,2.5,-2.5
311,CC_Chg,2.3893508823251945,9.021018637350226,4.2,1.25
311,CC_DChg,2.4381131452297904,7.80196206473533,2.5,-2.5
312,CC_Chg,2.389148202368191,9.020253417104396,4.2,1.25
312,CC_DChg,2.437906328947134,7.801300252630829,2.5,-2.5
313,CC_Chg,2.388963426777996,9.019555794978148,4.2,1.25
313,CC_DChg,2.4377177824265264,7.800696903764885,2.5,-2.5
314,CC_Chg,2.3887845286431393,9.018880363244506,4.2,1.25
314,CC_DChg,2.4375352333093256,7.800112746589843,2.5,-2.5
315,CC_Chg,2.3886244294706676,9.018275907185174,4.2,1.25
315,CC_DChg,2.437371866806804,7.799589973781773,2.5,-2.5
316,CC_Chg,2.3884141101083105,9.017481844286479,4.2,1.25
316,CC_DChg,2.4371572552125618,7.798903216680198,2.5,-2.5
317,CC_Chg,2.3882535510759126,9.016875652021303,4.2,1.25
317,CC_DChg,2.436993419465217,7.798378942288695,2.5,-2.5
318,CC_Chg,2.388046473716648,9.016093829338365,4.2,1.25
318,CC_DChg,2.4367821160373957,7.797702771319667,2.5,-2.5
319,CC_Chg,2.387855801820048,9.015373945647122,4.2,1.25
319,CC_DChg,2.4365875528776004,7.797080169208321,2.5,-2.5
320,CC_Chg,2.387674683164527,9.014690130315051,4.2,1.25
320,CC_DChg,2.4364027379229865,7.796488761353557,2.5,-2.5
321,CC_Chg,2.3874448785216456,9.013822500540908,4.2,1.25
321,CC_DChg,2.4361682433894343,7.79573837884619,2.5,-2.5
322,CC_Chg,2.3872115812442005,9.012941684289329,4.2,1.25
322,CC_DChg,2.4359301849430617,7.794976591817798,2.5,-2.5
323,CC_Chg,2.387019102366323,9.012214978321833,4.2,1.25
323,CC_DChg,2.4357337779248196,7.794348089359423,2.5,-2.5
324,CC_Chg,2.3867940070247684,9.0113651285629,4.2,1.25
324,CC_DChg,2.435504088800784,7.793613084162509,2.5,-2.5
325,CC_Chg,2.386623692394721,9.010722103939253,4.2,1.25
325,CC_DChg,2.43533029836196,7.793056954758272,2.5,-2.5
326,CC_Chg,2.3864259864845296,9.009975663257919,4.2,1.25
326,CC_DChg,2.435128557637275,7.792411384439281,2.5,-2.5
327,CC_Chg,2.3862463265714218,9.009297355422715,4.2,1.25
327,CC_DChg,2.4349452311953286,7.791824739825052,2.5,-2.5
328,CC_Chg,2.3860423180315267,9.008527119098622,4.2,1.25
328,CC_DChg,2.4347370592158435,7.791158589490699,2.5,-2.5
329,CC_Chg,2.385820048954702,9.007687939931017,4.2,1.25
329,CC_DChg,2.43451025403541,7.790432812913313,2.5,-2.5
330,CC_Chg,2.385619791865001,9.006931867245411,4.2,1.25
330,CC_DChg,2.4343059100663273,7.789778912212248,2.5,-2.5
331,CC_Chg,2.38543978639948,9.006252254773548,4.2,1.25
331,CC_DChg,2.434122231019878,7.789191139263609,2.5,-2.5
332,CC_Chg,2.3852686311952453,9.005606056553479,4.2,1.25
332,CC_DChg,2.433947582852291,7.788632265127332,2.5,-2.5
333,CC_Chg,2.3850815249588595,9.004899635048757,4.2,1.25
333,CC_DChg,2.4337566581212853,7.788021305988114,2.5,-2.5
334,CC_Chg,2.384898380404997,9.004208170916826,4.2,1.25
334,CC_DChg,2.4335697759234662,7.787423282955093,2.5,-2.5
335,CC_Chg,2.38469330849259,9.003433919818963,4.2,1.25
335,CC_DChg,2.43336051886999,7.786753660383969,2.5,-2.5
336,CC_Chg,2.3844619380872514,9.002560378492685,4.2,1.25
336,CC_DChg,2.4331244266196443,7.785998165182862,2.5,-2.5
337,CC_Chg,2.3842642965187246,9.00181418073396,4.2,1.25
337,CC_DChg,2.432922751549719,7.785352804959101,2.5,-2.5
338,CC_Chg,2.384030923651503,9.000933079092409,4.2,1.25
338,CC_DChg,2.4326846159709214,7.784590771106949,2.5,-2.5
339,CC_Chg,2.383859868713547,9.0002872594287,4.2,1.25
339,CC_DChg,2.4325100701158644,7.784032224370766,2.5,-2.5
340,CC_Chg,2.383685968779827,8.999630698454448,4.2,1.25
340,CC_DChg,2.432332621203905,7.783464387852496,2.5,-2.5
341,CC_Chg,2.383477690909919,8.998844343231328,4.2,1.25
341,CC_DChg,2.432120092765224,7.782784296848717,2.5,-2.5
342,CC_Chg,2.383273944234236,8.998075095578239,4.2,1.25
342,CC_DChg,2.4319121879941186,7.782119001581179,2.5,-2.5
343,CC_Chg,2.3830787907777466,8.9973382917119,4.2,1.25
343,CC_DChg,2.431713051814027,7.781481765804887,2.5,-2.5
344,CC_Chg,2.3828787999032066,8.996583224124352,4.2,1.25
344,CC_DChg,2.431508979493068,7.780828734377818,2.5,-2.5
345,CC_Chg,2.3826697310635936,8.995793882587037,4.2,1.25
345,CC_DChg,2.4312956439424425,7.780146060615817,2.5,-2.5
346,CC_Chg,2.38249104100203,8.995119236436237,4.2,1.25
346,CC_DChg,2.431113307144929,7.779562582863773,2.5,-2.5
347,CC_Chg,2.382296620875845,8.994385201265946,4.2,1.25
347,CC_DChg,2.4309149192610664,7.778927741635413,2.5,-2.5
348,CC_Chg,2.382092378877504,8.993614083517107,4.2,1.25
348,CC_DChg,2.4307065090586777,7.778260828987769,2.5,-2.5
349,CC_Chg,2.381929818551503,8.993000335347512,4.2,1.25
349,CC_DChg,2.430540631175003,7.7777300197600105,2.5,-2.5
350,CC_Chg,2.3817146166543677,8.99218783838894,4.2,1.25
350,CC_DChg,2.430321037402416,7.777027319687732,2.5,-2.5
351,CC_Chg,2.381545434842229,8.991549090730866,4.2,1.25
351,CC_DChg,2.4301484029002336,7.776474889280748,2.5,-2.5
352,CC_Chg,2.381338056366789,8.990766131180735,4.2,1.25
352,CC_DChg,2.4299367922110093,7.77579773507523,2.5,-2.5
353,CC_Chg,2.3811785144880795,8.990163779189688,4.2,1.25
353,CC_DChg,2.429773994375591,7.775276782001892,2.5,-2.5
354,CC_Chg,2.3809832343425916,8.989426497007745,4.2,1.25
354,CC_DChg,2.429574728921012,7.7746391325472395,2.5,-2.5
355,CC_Chg,2.380782084427167,8.98866705344951,4.2,1.25
355,CC_DChg,2.4293694739052727,7.773982316496873,2.5,-2.5
356,CC_Chg,2.3805549905240984,8.987809658101188,4.2,1.25
356,CC_DChg,2.4291377454327536,7.773240785384812,2.5,-2.5
357,CC_Chg,2.3803318821695205,8.986967310231863,4.2,1.25
357,CC_DChg,2.4289100838464495,7.772512268308638,2.5,-2.5
358,CC_Chg,2.3801063205559245,8.986115700058084,4.2,1.25
358,CC_DChg,2.428679918934617,7.771775740590775,2.5,-2.5
359,CC_Chg,2.3799219843773627,8.985419736934942,4.2,1.25
359,CC_DChg,2.4284918207932273,7.771173826538328,2.5,-2.5
360,CC_Chg,2.3797295231965108,8.984693097782745,4.2,1.25
360,CC_DChg,2.4282954318331744,7.7705453818661585,2.5,-2.5
361,CC_Chg,2.3795675216145926,8.984081459157137,4.2,1.25
361,CC_DChg,2.428130124096523,7.770016397108875,2.5,-2.5
362,CC_Chg,2.3793337995774233,8.983199039220883,4.2,1.25
362,CC_DChg,2.4278916322218604,7.769253223109954,2.5,-2.5
363,CC_Chg,2.379101775104093,8.982323028454228,4.2,1.25
363,CC_DChg,2.427654872555197,7.768495592176631,2.5,-2.5
364,CC_Chg,2.378874279852621,8.981464117810916,4.2,1.25
364,CC_DChg,2.4274227345434904,7.76775275053917,2.5,-2.5
365,CC_Chg,2.3786895798035363,8.980766780890903,4.2,1.25
365,CC_DChg,2.4272342651056493,7.767149648338078,2.5,-2.5
366,CC_Chg,2.378503732897157,8.980065113999471,4.2,1.25
366,CC_DChg,2.4270446254052622,7.76654280129684,2.5,-2.5
367,CC_Chg,2.3782722790930175,8.979191257800169,4.2,1.25
367,CC_DChg,2.4268084480540995,7.765787033773119,2.5,-2.5
368,CC_Chg,2.3781018161352443,8.978547673163678,4.2,1.25
368,CC_DChg,2.4266345062604535,7.765230420033451,2.5,-2.5
369,CC_Chg,2.377922343880692,8.977870073835266,4.2,1.25
369,CC_DChg,2.4264513713068285,7.764644388181852,2.5,-2.5
370,CC_Chg,2.3777286442911056,8.977138759058258,4.2,1.25
370,CC_DChg,2.4262537186643938,7.764011899726061,2.5,-2.5
371,CC_Chg,2.377494628705639,8.976255230827414,4.2,1.25
371,CC_DChg,2.426014927250652,7.763247767202087,2.5,-2.5
372,CC_Chg,2.377313906741017,8.97557291320588,4.2,1.25
372,CC_DChg,2.4258305170826704,7.762657654664546,2.5,-2.5
373,CC_Chg,2.3771431230450895,8.974928117619216,4.2,1.25
373,CC_DChg,2.4256562480051933,7.762099993616619,2.5,-2.5
374,CC_Chg,2.3769304797637445,8.974125280740669,4.2,1.25
374,CC_DChg,2.4254392650650454,7.761405648208146,2.5,-2.5
375,CC_Chg,2.376723378065691,8.973343366166384,4.2,1.25
375,CC_DChg,2.4252279368017255,7.760729397765522,2.5,-2.5
376,CC_Chg,2.376492385708851,8.97247125216607,4.2,1.25
376,CC_DChg,2.424992230315154,7.759975137008493,2.5,-2.5
377,CC_Chg,2.376274424024428,8.971648335602433,4.2,1.25
377,CC_DChg,2.42476982043309,7.759263425385888,2.5,-2.5
378,CC_Chg,2.3760897682426525,8.970951165814096,4.2,1.25
378,CC_DChg,2.424581396165972,7.758660467731111,2.5,-2.5
379,CC_Chg,2.3759236830301265,8.970324109399458,4.2,1.25
379,CC_DChg,2.424411921459313,7.758118148669801,2.5,-2.5
380,CC_Chg,2.375731088823385,8.969596968006659,4.2,1.25
380,CC_DChg,2.4242153967585565,7.757489269627381,2.5,-2.5
381,CC_Chg,2.3755016395290265,8.968730679854488,4.2,1.25
381,CC_DChg,2.4239812648255374,7.7567400474417205,2.5,-2.5
382,CC_Chg,2.3752702931308893,8.967857229167643,4.2,1.25
382,CC_DChg,2.423745197072336,7.755984630631476,2.5,-2.5
383,CC_Chg,2.3750791676735097,8.967135633053047,4.2,1.25
383,CC_DChg,2.423550171095418,7.7553605475053375,2.5,-2.5
384,CC_Chg,2.3749144088167795,8.96651358430825,4.2,1.25
384,CC_DChg,2.4233820498130405,7.75482255940173,2.5,-2.5
385,CC_Chg,2.374757303821514,8.965920432795512,4.2,1.25
385,CC_DChg,2.4232217385933814,7.754309563498821,2.5,-2.5
386,CC_Chg,2.3745346302062487,8.965079726288899,4.2,1.25
386,CC_DChg,2.422994520618621,7.753582465979588,2.5,-2.5
387,CC_Chg,2.374332375556779,8.964316111796002,4.2,1.25
387,CC_DChg,2.4227881383232437,7.75292204263438,2.5,-2.5
388,CC_Chg,2.3741022796081115,8.963447382193891,4.2,1.25
388,CC_DChg,2.4225533465388893,7.752170708924446,2.5,-2.5
389,CC_Chg,2.3739174637490255,8.962749608032036,4.2,1.25
389,CC_DChg,2.422364758927577,7.7515672285682475,2.5,-2.5
390,CC_Chg,2.373757861359777,8.962147027582834,4.2,1.25
390,CC_DChg,2.4222018993467116,7.751046077909478,2.5,-2.5
391,CC_Chg,2.3735732448472606,8.961450006055985,4.2,1.25
391,CC_DChg,2.422013515150266,7.7504432484808525,2.5,-2.5
392,CC_Chg,2.373415575778594,8.960854724878367,4.2,1.25
392,CC_DChg,2.4218526283455044,7.749928410705614,2.5,-2.5
393,CC_Chg,2.3732555291940693,8.960250467365364,4.2,1.25
393,CC_DChg,2.4216893155041523,7.749405809613288,2.5,-2.5
394,CC_Chg,2.3730874015651136,8.959615699786655,4.2,1.25
394,CC_DChg,2.4215177566990955,7.748856821437106,2.5,-2.5
395,CC_Chg,2.372928000243306,8.959013878469626,4.2,1.25
395,CC_DChg,2.421355102289088,7.748336327325082,2.5,-2.5
396,CC_Chg,2.3727597212856897,8.958378539548013,4.2,1.25
396,CC_DChg,2.4211833890670302,7.747786845014497,2.5,-2.5
397,CC_Chg,2.3725650534386653,8.957643569105166,4.2,1.25
397,CC_DChg,2.4209847484068012,7.747151194901765,2.5,-2.5
398,CC_Chg,2.372350579167202,8.956833819304745,4.2,1.25
398,CC_DChg,2.42076589710939,7.746450870750049,2.5,-2.5
399,CC_Chg,2.372182606445503,8.956199636579962,4.2,1.25
399,CC_DChg,2.4205944963729626,7.745902388393481,2.5,-2.5
400,CC_Chg,2.3719841008801295,8.955450176792326,4.2,1.25
400,CC_DChg,2.4203919396736016,7.745254206955526,2.5,-2.5
401,CC_Chg,2.3717836743945946,8.954693464551022,4.2,1.25
401,CC_DChg,2.4201874228516274,7.7445997531252075,2.5,-2.5
402,CC_Chg,2.3715722850715792,8.953895362004943,4.2,1.25
402,CC_DChg,2.4199717194607953,7.743909502274545,2.5,-2.5
403,CC_Chg,2.371413875808286,8.953297286214957,4.2,1.25
403,CC_DChg,2.4198100773553937,7.74339224753726,2.5,-2.5
404,CC_Chg,2.3711902971848655,8.95245316284082,4.2,1.25
404,CC_DChg,2.419581935902924,7.742662194889357,2.5,-2.5
405,CC_Chg,2.371023541334431,8.951823574425914,4.2,1.25
405,CC_DChg,2.4194117768718684,7.742117685989979,2.5,-2.5
406,CC_Chg,2.3708310453115002,8.951096803727093,4.2,1.25
406,CC_DChg,2.4192153523586737,7.741489127547756,2.5,-2.5
407,CC_Chg,2.370622774458473,8.950310474996275,4.2,1.25
407,CC_DChg,2.4190028310800744,7.740809059456239,2.5,-2.5
408,CC_Chg,2.37039261662721,8.949441511755793,4.2,1.25
408,CC_DChg,2.4187679761502143,7.740057523680687,2.5,-2.5
409,CC_Chg,2.370203709122464,8.948728289543997,4.2,1.25
409,CC_DChg,2.418575213390269,7.739440682848862,2.5,-2.5
410,CC_Chg,2.370038016556586,8.948102715570784,4.2,1.25
410,CC_DChg,2.418406139343455,7.738899645899057,2.5,-2.5
411,CC_Chg,2.3698497819579973,8.947392033923052,4.2,1.25
411,CC_DChg,2.4182140632224463,7.738285002311828,2.5,-2.5
412,CC_Chg,2.3696644653705525,8.94669236925617,4.2,1.25
412,CC_DChg,2.418024964663829,7.737679886924254,2.5,-2.5
413,CC_Chg,2.369452524235807,8.945892183339273,4.2,1.25
413,CC_DChg,2.4178086981998033,7.736987834239371,2.5,-2.5
414,CC_Chg,2.3692403762094463,8.945091216300971,4.2,1.25
414,CC_DChg,2.417592220621884,7.7362951059900285,2.5,-2.5
415,CC_Chg,2.3690344922652327,8.944313899368735,4.2,1.25
415,CC_DChg,2.417382134964523,7.735622831886474,2.5,-2.5
416,CC_Chg,2.3688310743453305,8.943545892936452,4.2,1.25
416,CC_DChg,2.4171745656585006,7.734958610107203,2.5,-2.5
417,CC_Chg,2.3685960955485372,8.942658728091416,4.2,1.25
417,CC_DChg,2.4169347913760584,7.7341913324033875,2.5,-2.5
418,CC_Chg,2.3684140671009954,8.94197147783029,4.2,1.25
418,CC_DChg,2.4167490480622402,7.733596953799169,2.5,-2.5
419,CC_Chg,2.3682045670365386,8.941180508199176,4.2,1.25
419,CC_DChg,2.416535272486264,7.732912871956045,2.5,-2.5
420,CC_Chg,2.368031778189997,8.940528142145908,4.2,1.25
420,CC_DChg,2.416358957336732,7.732348663477542,2.5,-2.5
421,CC_Chg,2.3678493048620934,8.939839212234435,4.2,1.25
421,CC_DChg,2.4161727600633607,7.731752832202755,2.5,-2.5
422,CC_Chg,2.3676275510257603,8.939001978362565,4.2,1.25
422,CC_DChg,2.415946480638531,7.7310287380433,2.5,-2.5
423,CC_Chg,2.3673962421625743,8.938128669389311,4.2,1.25
423,CC_DChg,2.4157104511863,7.730273443796161,2.5,-2.5
424,CC_Chg,2.3671951743328425,8.937369535746448,4.2,1.25
424,CC_DChg,2.4155052799314722,7.729616895780712,2.5,-2.5
425,CC_Chg,2.3669762405576535,8.936542949044203,4.2,1.25
425,CC_DChg,2.4152818781200547,7.728902009984175,2.5,-2.5
426,CC_Chg,2.366793894290411,8.935854498851551,4.2,1.25
426,CC_DChg,2.415095810500419,7.728306593601342,2.5,-2.5
427,CC_Chg,2.3666192025197854,8.935194948288986,4.2,1.25
427,CC_DChg,2.414917553591618,7.727736171493177,2.5,-2.5
428,CC_Chg,2.366447660901025,8.934547291156932,4.2,1.25
428,CC_DChg,2.414742511123495,7.727176035595185,2.5,-2.5
429,CC_Chg,2.3662182105546767,8.933680999032964,4.2,1.25
429,CC_DChg,2.414508378117017,7.726426809974455,2.5,-2.5
430,CC_Chg,2.365983524291538,8.932794938651726,4.2,1.25
430,CC_DChg,2.4142689023383044,7.725660487482575,2.5,-2.5
431,CC_Chg,2.365819815976508,8.932176856237836,4.2,1.25
431,CC_DChg,2.414101853037253,7.725125929719209,2.5,-2.5
432,CC_Chg,2.3656507757749665,8.931538643232017,4.2,1.25
432,CC_DChg,2.41392936303568,7.724573961714177,2.5,-2.5
433,CC_Chg,2.3654256560603946,8.93068870145251,4.2,1.25
433,CC_DChg,2.413699649041219,7.7238388769319,2.5,-2.5
434,CC_Chg,2.3652552917795817,8.93004548937189,4.2,1.25
434,CC_DChg,2.4135258079383486,7.723282585402716,2.5,-2.5
435,CC_Chg,2.3650636698445067,8.929322018800688,4.2,1.25
435,CC_DChg,2.4133302753515373,7.722656881124919,2.5,-2.5
436,CC_Chg,2.3648349165773412,8.928458358506289,4.2,1.25
436,CC_DChg,2.413096853650348,7.721909931681115,2.5,-2.5
437,CC_Chg,2.364659946862622,8.927797758562962,4.2,1.25
437,CC_DChg,2.412918313125125,7.7213386020004,2.5,-2.5
438,CC_Chg,2.3644931377603067,8.927167969095036,4.2,1.25
438,CC_DChg,2.412748099755415,7.7207939192173285,2.5,-2.5
439,CC_Chg,2.3642982142267135,8.92643203330494,4.2,1.25
439,CC_DChg,2.412549198190524,7.720157434209677,2.5,-2.5
440,CC_Chg,2.364131275447116,8.925801754239112,4.2,1.25
440,CC_DChg,2.4123788524970573,7.719612327990584,2.5,-2.5
441,CC_Chg,2.3639095733000826,8.924964715520721,4.2,1.25
441,CC_DChg,2.412152625816411,7.7188884026125155,2.5,-2.5
442,CC_Chg,2.3637205848732603,8.9242511877868,4.2,1.25
442,CC_DChg,2.4119597804829187,7.71827129754534,2.5,-2.5
443,CC_Chg,2.3635228906777015,8.92350479133418,4.2,1.25
443,CC_DChg,2.4117580517119404,7.71762576547821,2.5,-2.5
444,CC_Chg,2.3633138610042534,8.922715597669121,4.2,1.25
444,CC_DChg,2.4115447561267893,7.716943219605726,2.5,-2.5
445,CC_Chg,2.363142109914393,8.92206714967679,4.2,1.25
445,CC_DChg,2.411369499912646,7.716382399720468,2.5,-2.5
446,CC_Chg,2.3629678740661935,8.921409320453996,4.2,1.25
446,CC_DChg,2.4111917082308096,7.7158134663385916,2.5,-2.5
447,CC_Chg,2.3627366131545884,8.920536192522427,4.2,1.25
447,CC_DChg,2.410955727708764,7.715058328668045,2.5,-2.5
448,CC_Chg,2.362554285374984,8.919847812130042,4.2,1.25
448,CC_DChg,2.410769678954065,7.714462972653009,2.5,-2.5
449,CC_Chg,2.3623355755840447,8.919022071082619,4.2,1.25
449,CC_DChg,2.410546505698005,7.713748818233616,2.5,-2.5
450,CC_Chg,2.3621426336619256,8.918293616886864,4.2,1.25
450,CC_DChg,2.4103496261856385,7.7131188037940435,2.5,-2.5
451,CC_Chg,2.3619193573991324,8.917450635078358,4.2,1.25
451,CC_DChg,2.410121793264421,7.712389738446148,2.5,-2.5
452,CC_Chg,2.3616862071346656,8.916570373875778,4.2,1.25
452,CC_DChg,2.4098838848312916,7.7116284314601335,2.5,-2.5
453,CC_Chg,2.3615223503009424,8.915951730728048,4.2,1.25
453,CC_DChg,2.4097166839805535,7.711093388737772,2.5,-2.5
454,CC_Chg,2.3613365778150484,8.915250344811918,4.2,1.25
454,CC_DChg,2.4095271202194373,7.7104867847022,2.5,-2.5
455,CC_Chg,2.3611364387647003,8.914494717785095,4.2,1.25
455,CC_DChg,2.409322896698674,7.709833269435757,2.5,-2.5
456,CC_Chg,2.360921136695179,8.913681842624657,4.2,1.25
456,CC_DChg,2.4091032007093665,7.709130242269973,2.5,-2.5
457,CC_Chg,2.360757967219874,8.913065794605648,4.2,1.25
457,CC_DChg,2.4089367012447696,7.708597443983263,2.5,-2.5
458,CC_Chg,2.3605515325362765,8.912286398351249,4.2,1.25
458,CC_DChg,2.4087260536084454,7.707923371547025,2.5,-2.5
459,CC_Chg,2.360387518680378,8.911667162364694,4.2,1.25
459,CC_DChg,2.408558692530998,7.707387816099194,2.5,-2.5
460,CC_Chg,2.3602076569745587,8.91098809265905,4.2,1.25
460,CC_DChg,2.4083751601781214,7.7068005125699885,2.5,-2.5
461,CC_Chg,2.3599776608522434,8.910119739952348,4.2,1.25
461,CC_DChg,2.408140470257391,7.706049504823652,2.5,-2.5
462,CC_Chg,2.359788060488423,8.909403901844048,4.2,1.25
462,CC_DChg,2.407947000498391,7.705430401594852,2.5,-2.5
463,CC_Chg,2.359584583801442,8.908635673536057,4.2,1.25
463,CC_DChg,2.4077393712259614,7.704765987923077,2.5,-2.5
464,CC_Chg,2.359352886935809,8.907760899655607,4.2,1.25
464,CC_DChg,2.4075029458528667,7.704009426729174,2.5,-2.5
465,CC_Chg,2.3591805120765317,8.907110096615478,4.2,1.25
465,CC_DChg,2.4073270531393183,7.703446570045819,2.5,-2.5
466,CC_Chg,2.358971758572886,8.906321945632326,4.2,1.25
466,CC_DChg,2.407114039360088,7.702764925952282,2.5,-2.5
467,CC_Chg,2.358794309657247,8.905651985440626,4.2,1.25
467,CC_DChg,2.406932969038007,7.7021855009216225,2.5,-2.5
468,CC_Chg,2.3585783192694425,8.904836511527487,4.2,1.25
468,CC_DChg,2.4067125706831045,7.701480226185935,2.5,-2.5
469,CC_Chg,2.3583461843110904,8.903960083623506,4.2,1.25
469,CC_DChg,2.406475698276623,7.700722234485195,2.5,-2.5
470,CC_Chg,2.358158777878041,8.903252528723216,4.2,1.25
470,CC_DChg,2.406284467222491,7.700110295111971,2.5,-2.5
471,CC_Chg,2.357995602144713,8.902636457076978,4.2,1.25
471,CC_DChg,2.406117961372156,7.6995774763909,2.5,-2.5
472,CC_Chg,2.3578089900519412,8.901931901216512,4.2,1.25
472,CC_DChg,2.4059275408693277,7.698968130781849,2.5,-2.5
473,CC_Chg,2.3576293658469525,8.901253728197679,4.2,1.25
473,CC_DChg,2.4057442508642373,7.69838160276556,2.5,-2.5
474,CC_Chg,2.357420742532085,8.900466068743587,4.2,1.25
474,CC_DChg,2.405531369930699,7.697700383778237,2.5,-2.5
475,CC_Chg,2.3572277647256823,8.899737479066351,4.2,1.25
475,CC_DChg,2.4053344538017165,7.697070252165493,2.5,-2.5
476,CC_Chg,2.357044852560252,8.89904689231932,4.2,1.25
476,CC_DChg,2.405147808734951,7.696472987951843,2.5,-2.5
477,CC_Chg,2.356824294822075,8.898214174328242,4.2,1.25
477,CC_DChg,2.404922749818444,7.6957527994190205,2.5,-2.5
478,CC_Chg,2.3566499126311102,8.897555792586845,4.2,1.25
478,CC_DChg,2.4047448088072554,7.695183388183217,2.5,-2.5
479,CC_Chg,2.3564605519416126,8.896840859371396,4.2,1.25
479,CC_DChg,2.4045515836138907,7.694565067564451,2.5,-2.5
480,CC_Chg,2.356287128971042,8.896186099176383,4.2,1.25
480,CC_DChg,2.4043746213990222,7.693998788476872,2.5,-2.5
481,CC_Chg,2.3560926051833406,8.895451672630982,4.2,1.25
481,CC_DChg,2.404176127738103,7.6933636087619295,2.5,-2.5
482,CC_Chg,2.3558627179367004,8.894583730985502,4.2,1.25
482,CC_DChg,2.4039415489150007,7.692612956528002,2.5,-2.5
483,CC_Chg,2.355677206368712,8.893883330167586,4.2,1.25
483,CC_DChg,2.4037522513966447,7.692007204469263,2.5,-2.5
484,CC_Chg,2.3554767870865936,8.893126645122855,4.2,1.25
484,CC_DChg,2.4035477419250957,7.691352774160307,2.5,-2.5
485,CC_Chg,2.3552424990513936,8.892242088255262,4.2,1.25
485,CC_DChg,2.403308672501422,7.690587752004551,2.5,-2.5
486,CC_Chg,2.3550845745794238,8.891645842799866,4.2,1.25
486,CC_DChg,2.4031475250810446,7.690072080259343,2.5,-2.5
487,CC_Chg,2.354872908398047,8.890846694972218,4.2,1.25
487,CC_DChg,2.4029315391816803,7.689380925381378,2.5,-2.5
488,CC_Chg,2.35470751714522,8.890222258609505,4.2,1.25
488,CC_DChg,2.402762772597163,7.688840872310923,2.5,-2.5
489,CC_Chg,2.354481468163296,8.889368808371628,4.2,1.25
489,CC_DChg,2.4025321103707102,7.688102753186273,2.5,-2.5
490,CC_Chg,2.3542656671348694,8.888554049386753,4.2,1.25
490,CC_DChg,2.402311905239663,7.6873980967669215,2.5,-2.5
491,CC_Chg,2.354074676605137,8.887832962692865,4.2,1.25
491,CC_DChg,2.4021170169440174,7.686774454220856,2.5,-2.5
492,CC_Chg,2.353912476133195,8.887220573155941,4.2,1.25
492,CC_DChg,2.4019515062583623,7.68624482002676,2.5,-2.5
493,CC_Chg,2.3537061670033053,8.886441650930847,4.2,1.25
493,CC_DChg,2.4017409867380666,7.685571157561814,2.5,-2.5
494,CC_Chg,2.3534881515913253,8.885618531518269,4.2,1.25
494,CC_DChg,2.4015185220319646,7.684859270502287,2.5,-2.5
495,CC_Chg,2.353288411318146,8.884864410078714,4.2,1.25
495,CC_DChg,2.4013147054266795,7.6842070573653745,2.5,-2.5
496,CC_Chg,2.3531186939094932,8.884223640270537,4.2,1.25
496,CC_DChg,2.4011415243974423,7.683652878071816,2.5,-2.5
497,CC_Chg,2.352884090292328,8.883337891920014,4.2,1.25
497,CC_DChg,2.400902132951355,7.682886825444337,2.5,-2.5
498,CC_Chg,2.3527213613236326,8.882723507038206,4.2,1.25
498,CC_DChg,2.4007360829832987,7.682355465546556,2.5,-2.5
499,CC_Chg,2.3524962865694805,8.881873735007224,4.2,1.25
499,CC_DChg,2.400506414866817,7.6816205275738145,2.5,-2.5
500,CC_Chg,2.35233031589222,8.881247111021649,4.2,1.25
500,CC_DChg,2.400337057032878,7.68107858250521,2.5,-2.5
